[
 {
   "순위": 1,
   "영화명": "극한직업",
   "개봉일": "2019-01-23",
   "매출액": 139651845516,
   "매출액 점유율": 0.073,
   "관객수": 16265618,
   "스크린수": 2003,
   "상영횟수": 292584,
   "대표국적": "한국",
   "국적": "한국",
   "배급사": "씨제이이앤엠(주)"
 },
 {
   "순위": 2,
   "영화명": "어벤져스: 엔드게임",
   "개봉일": "2019-04-24",
   "매출액": 122182694160,
   "매출액 점유율": 0.064,
   "관객수": 13934592,
   "스크린수": 2835,
   "상영횟수": 242001,
   "대표국적": "미국",
   "국적": "미국",
   "배급사": "월트디즈니컴퍼니코리아 유한책임회사"
 },
 {
   "순위": 3,
   "영화명": "겨울왕국 2",
   "개봉일": "2019-11-21",
   "매출액": 111596248720,
   "매출액 점유율": 0.058,
   "관객수": 13369064,
   "스크린수": 2648,
   "상영횟수": 282557,
   "대표국적": "미국",
   "국적": "미국",
   "배급사": "월트디즈니컴퍼니코리아 유한책임회사"
 },
 {
   "순위": 4,
   "영화명": "알라딘",
   "개봉일": "2019-05-23",
   "매출액": 106955138359,
   "매출액 점유율": 0.056,
   "관객수": 12552283,
   "스크린수": 1409,
   "상영횟수": 266469,
   "대표국적": "미국",
   "국적": "미국",
   "배급사": "월트디즈니컴퍼니코리아 유한책임회사"
 },
 {
   "순위": 5,
   "영화명": "기생충",
   "개봉일": "2019-05-30",
   "매출액": 85883963645,
   "매출액 점유율": 0.045,
   "관객수": 10085275,
   "스크린수": 1948,
   "상영횟수": 192855,
   "대표국적": "한국",
   "국적": "한국",
   "배급사": "씨제이이앤엠(주)"
 },
 {
   "순위": 6,
   "영화명": "엑시트",
   "개봉일": "2019-07-31",
   "매출액": 79232012162,
   "매출액 점유율": 0.041,
   "관객수": 9426011,
   "스크린수": 1660,
   "상영횟수": 202223,
   "대표국적": "한국",
   "국적": "한국",
   "배급사": "씨제이이앤엠(주)"
 },
 {
   "순위": 7,
   "영화명": "스파이더맨: 파 프롬 홈",
   "개봉일": "2019-07-02",
   "매출액": 69010000100,
   "매출액 점유율": 0.036,
   "관객수": 8021145,
   "스크린수": 2142,
   "상영횟수": 180474,
   "대표국적": "미국",
   "국적": "미국",
   "배급사": "소니픽쳐스엔터테인먼트코리아주식회사극장배급지점"
 },
 {
   "순위": 8,
   "영화명": "백두산",
   "개봉일": "2019-12-19",
   "매출액": 52905807770,
   "매출액 점유율": 0.028,
   "관객수": 6290504,
   "스크린수": 1971,
   "상영횟수": 99915,
   "대표국적": "한국",
   "국적": "한국",
   "배급사": "씨제이이앤엠(주),(주)덱스터스튜디오"
 },
 {
   "순위": 9,
   "영화명": "캡틴 마블",
   "개봉일": "2019-03-06",
   "매출액": 51507488723,
   "매출액 점유율": 0.027,
   "관객수": 5802810,
   "스크린수": 2100,
   "상영횟수": 186382,
   "대표국적": "미국",
   "국적": "미국",
   "배급사": "월트디즈니컴퍼니코리아 유한책임회사"
 },
 {
   "순위": 10,
   "영화명": "조커",
   "개봉일": "2019-10-02",
   "매출액": 45381075450,
   "매출액 점유율": 0.024,
   "관객수": 5247874,
   "스크린수": 1418,
   "상영횟수": 147380,
   "대표국적": "미국",
   "국적": "미국",
   "배급사": "워너브러더스 코리아(주)"
 },
 {
   "순위": 11,
   "영화명": "봉오동 전투",
   "개봉일": "2019-08-07",
   "매출액": 40588648538,
   "매출액 점유율": 0.021,
   "관객수": 4787538,
   "스크린수": 1476,
   "상영횟수": 107030,
   "대표국적": "한국",
   "국적": "한국",
   "배급사": "(주)쇼박스"
 },
 {
   "순위": 12,
   "영화명": "라이온 킹",
   "개봉일": "2019-07-17",
   "매출액": 41519457430,
   "매출액 점유율": 0.022,
   "관객수": 4743264,
   "스크린수": 1936,
   "상영횟수": 126496,
   "대표국적": "미국",
   "국적": "미국",
   "배급사": "월트디즈니컴퍼니코리아 유한책임회사"
 },
 {
   "순위": 13,
   "영화명": "나쁜 녀석들: 더 무비",
   "개봉일": "2019-09-11",
   "매출액": 39560195124,
   "매출액 점유율": 0.021,
   "관객수": 4573902,
   "스크린수": 1511,
   "상영횟수": 113938,
   "대표국적": "한국",
   "국적": "한국",
   "배급사": "씨제이이앤엠(주)"
 },
 {
   "순위": 14,
   "영화명": "82년생 김지영",
   "개봉일": "2019-10-23",
   "매출액": 30298542310,
   "매출액 점유율": 0.016,
   "관객수": 3678156,
   "스크린수": 1486,
   "상영횟수": 145441,
   "대표국적": "한국",
   "국적": "한국",
   "배급사": "롯데컬처웍스(주)롯데엔터테인먼트"
 },
 {
   "순위": 15,
   "영화명": "분노의 질주: 홉스&쇼",
   "개봉일": "2019-08-14",
   "매출액": 32241767793,
   "매출액 점유율": 0.017,
   "관객수": 3657536,
   "스크린수": 1311,
   "상영횟수": 94896,
   "대표국적": "미국",
   "국적": "미국",
   "배급사": "유니버설픽쳐스인터내셔널 코리아(유)"
 },
 {
   "순위": 16,
   "영화명": "토이 스토리 4",
   "개봉일": "2019-06-20",
   "매출액": 28758452040,
   "매출액 점유율": 0.015,
   "관객수": 3400034,
   "스크린수": 1336,
   "상영횟수": 85875,
   "대표국적": "미국",
   "국적": "미국",
   "배급사": "월트디즈니컴퍼니코리아 유한책임회사"
 },
 {
   "순위": 17,
   "영화명": "돈",
   "개봉일": "2019-03-20",
   "매출액": 28870244062,
   "매출액 점유율": 0.015,
   "관객수": 3389125,
   "스크린수": 1431,
   "상영횟수": 120809,
   "대표국적": "한국",
   "국적": "한국",
   "배급사": "(주)쇼박스"
 },
 {
   "순위": 18,
   "영화명": "악인전",
   "개봉일": "2019-05-15",
   "매출액": 29133760150,
   "매출액 점유율": 0.015,
   "관객수": 3364712,
   "스크린수": 1307,
   "상영횟수": 97351,
   "대표국적": "한국",
   "국적": "한국",
   "배급사": "(주)에이스메이커무비웍스,(주)키위미디어그룹"
 },
 {
   "순위": 19,
   "영화명": "가장 보통의 연애",
   "개봉일": "2019-10-02",
   "매출액": 24885803430,
   "매출액 점유율": 0.013,
   "관객수": 2924563,
   "스크린수": 1073,
   "상영횟수": 111527,
   "대표국적": "한국",
   "국적": "한국",
   "배급사": "(주)넥스트엔터테인먼트월드(NEW)"
 },
 {
   "순위": 20,
   "영화명": "말모이",
   "개봉일": "2019-01-09",
   "매출액": 23685091520,
   "매출액 점유율": 0.012,
   "관객수": 2812877,
   "스크린수": 1203,
   "상영횟수": 87591,
   "대표국적": "한국",
   "국적": "한국",
   "배급사": "롯데컬처웍스(주)롯데엔터테인먼트"
 },
 {
   "순위": 21,
   "영화명": "증인",
   "개봉일": "2019-02-13",
   "매출액": 20482789331,
   "매출액 점유율": 0.011,
   "관객수": 2534748,
   "스크린수": 1047,
   "상영횟수": 89564,
   "대표국적": "한국",
   "국적": "한국",
   "배급사": "롯데컬처웍스(주)롯데엔터테인먼트"
 },
 {
   "순위": 22,
   "영화명": "시동",
   "개봉일": "2019-12-18",
   "매출액": 21236477800,
   "매출액 점유율": 0.011,
   "관객수": 2525986,
   "스크린수": 1515,
   "상영횟수": 58603,
   "대표국적": "한국",
   "국적": "한국",
   "배급사": "(주)넥스트엔터테인먼트월드(NEW)"
 },
 {
   "순위": 23,
   "영화명": "블랙머니",
   "개봉일": "2019-11-13",
   "매출액": 20863134010,
   "매출액 점유율": 0.011,
   "관객수": 2478964,
   "스크린수": 1141,
   "상영횟수": 77469,
   "대표국적": "한국",
   "국적": "한국",
   "배급사": "(주)에이스메이커무비웍스"
 },
 {
   "순위": 24,
   "영화명": "터미네이터: 다크 페이트",
   "개봉일": "2019-10-30",
   "매출액": 20153895830,
   "매출액 점유율": 0.011,
   "관객수": 2409062,
   "스크린수": 1315,
   "상영횟수": 81336,
   "대표국적": "미국",
   "국적": "미국",
   "배급사": "월트디즈니컴퍼니코리아 유한책임회사"
 },
 {
   "순위": 25,
   "영화명": "사바하",
   "개봉일": "2019-02-20",
   "매출액": 20007508194,
   "매출액 점유율": 0.01,
   "관객수": 2398519,
   "스크린수": 1174,
   "상영횟수": 78096,
   "대표국적": "한국",
   "국적": "한국",
   "배급사": "씨제이이앤엠(주)"
 },
 {
   "순위": 26,
   "영화명": "타짜: 원 아이드 잭",
   "개봉일": "2019-09-11",
   "매출액": 19687029214,
   "매출액 점유율": 0.01,
   "관객수": 2229239,
   "스크린수": 1429,
   "상영횟수": 66479,
   "대표국적": "한국",
   "국적": "한국",
   "배급사": "롯데컬처웍스(주)롯데엔터테인먼트"
 },
 {
   "순위": 27,
   "영화명": "신의 한 수: 귀수편",
   "개봉일": "2019-11-07",
   "매출액": 18463776050,
   "매출액 점유율": 0.01,
   "관객수": 2157437,
   "스크린수": 1246,
   "상영횟수": 82178,
   "대표국적": "한국",
   "국적": "한국",
   "배급사": "씨제이이앤엠(주)"
 },
 {
   "순위": 28,
   "영화명": "알리타: 배틀 엔젤",
   "개봉일": "2019-02-05",
   "매출액": 18571455667,
   "매출액 점유율": 0.01,
   "관객수": 1952063,
   "스크린수": 1043,
   "상영횟수": 52666,
   "대표국적": "미국",
   "국적": "미국",
   "배급사": "이십세기폭스코리아(주)"
 },
 {
   "순위": 29,
   "영화명": "내안의 그놈",
   "개봉일": "2019-01-09",
   "매출액": 16302228567,
   "매출액 점유율": 0.009,
   "관객수": 1902828,
   "스크린수": 1041,
   "상영횟수": 61683,
   "대표국적": "한국",
   "국적": "한국",
   "배급사": "(주)메리크리스마스,TCO(주)더콘텐츠온"
 },
 {
   "순위": 30,
   "영화명": "뺑반",
   "개봉일": "2019-01-30",
   "매출액": 15224305848,
   "매출액 점유율": 0.008,
   "관객수": 1826912,
   "스크린수": 1285,
   "상영횟수": 47215,
   "대표국적": "한국",
   "국적": "한국",
   "배급사": "(주)쇼박스"
 }
]