Open,High,Low,Close,Volume
29700,30000,29680,30000,10588400
29960,30040,29300,29300,12647050
29800,30000,29360,30000,11357700
29840,30040,29780,29980,10887800
30040,30040,29440,29700,8009300
29960,29960,28980,29020,12218400
29020,29080,28500,28740,13006800
28220,28560,28140,28200,13681350
28500,28680,28180,28560,8563850
28800,29320,28720,29120,9784900
28900,28980,28380,28380,9995200
29100,29100,28480,28480,10132150
28680,29240,28640,29240,8339250
29400,29520,29300,29480,6386800
29660,29780,29540,29780,8183550
29460,29740,29280,29400,8178150
29440,29440,28640,28800,9019800
28820,29120,28620,29000,8574600
29020,29440,29020,29300,6615300
29160,29580,29100,29580,8586250
29340,29520,29200,29400,9351700
29600,29880,29580,29880,10644900
29980,29980,29700,29880,6752200
30000,30060,29340,29340,7487800
29280,29560,29140,29220,7798600
29000,29060,28620,28640,10844000
28660,28920,28440,28800,10479650
29080,29080,28560,28560,9147450
28800,29080,28800,29080,6996900
28820,29020,28620,28800,7755600
28520,28880,28320,28400,10629150
27920,28200,27920,28200,14962050
28200,28220,27800,27800,10053250
27820,28080,27660,28000,8954400
28340,28340,27860,27900,7762400
28100,28200,27880,28020,10899200
28360,28680,28360,28540,10552400
28260,28540,28260,28540,8407400
28740,28760,28580,28660,10639200
28600,28640,28300,28300,10980350
28160,28300,28020,28160,12307800
28200,28220,27900,27920,10510000
27920,27940,27200,27440,16908100
26960,27100,26040,26180,31025000
26000,26220,25740,25920,26496600
26060,26400,25920,26140,19735800
26000,26360,25900,26080,19763200
26000,26080,25740,25820,20474650
26140,26140,25500,25500,21250950
25500,25720,25440,25440,18189150
25660,25940,25460,25900,16449350
25940,26600,25800,26260,14716650
26600,26620,25960,25980,11747450
26000,26200,25860,26020,9752450
26020,26300,25840,25840,12774250
26100,26380,25920,26320,8682800
26300,26540,26220,26480,7562300
26280,26560,26240,26560,10826500
26320,26440,25980,25980,10336950
26000,26360,25820,26140,14001750
25860,26080,25700,25840,13346300
25460,25860,25460,25660,11701350
25600,25760,25540,25600,19181850
25720,25760,25420,25440,16259200
25260,25260,24980,24980,16033000
24900,25100,24680,24740,14926650
24900,25340,24800,25180,15197450
25500,25580,25260,25500,9943600
25420,25620,25240,25540,7799650
25620,26300,25440,26220,12684000
26620,26620,26100,26140,10027400
26000,26400,25800,25960,5838450
25920,26160,25840,26020,6220750
25840,26120,25600,25700,9386650
25700,25980,25640,25900,5910650
26000,26000,25600,25800,6179750
25800,25920,25620,25720,9543300
26660,26660,26000,26600,14346200
26680,26900,26420,26560,7425050
26640,26800,26520,26680,8785300
26740,26860,26500,26840,12918050
26700,26840,26600,26820,7891350
26740,26980,26640,26980,14232350
26720,26800,26420,26500,12104150
26400,26580,26300,26300,7900150
26700,26820,26600,26600,7491500
26580,26580,26200,26520,8616750
26780,26780,26580,26780,7548650
26400,26600,26340,26400,8657600
26400,26540,26180,26440,9079800
26400,26400,25860,25880,12579250
25880,26260,25800,25800,11750200
25400,25700,25400,25500,10836800
25500,25520,25160,25320,8820000
25400,25660,25320,25560,11045600
25600,25700,25360,25380,7638550
25400,25440,25240,25240,5939400
25380,25460,25240,25460,8321300
25200,25480,25180,25460,7073900
25380,25400,24820,24940,13625000
25380,25800,24960,25700,17444700
25800,26660,25700,26660,20877850
26400,26760,26400,26700,10648700
26900,26900,26440,26860,13259850
26900,26900,26620,26780,11081000
27000,27140,26860,27140,13100050
27020,27900,27020,27800,19098800
27540,27940,27540,27600,18400350
27940,27940,27480,27940,10761750
27740,27980,27500,27880,10608200
27880,27900,27280,27420,16061600
27380,27600,27200,27600,9999200
27240,27360,27180,27300,10659350
27300,27720,27300,27400,10586000
27720,27740,27380,27400,10969800
27400,27840,27260,27600,9308550
27520,27600,27320,27400,7241650
27400,27580,27400,27560,9518350
27580,27720,27500,27600,3299250
27480,27680,27420,27500,6084300
27880,27900,27640,27780,9500750
28180,28180,27980,28140,10546200
28400,28560,27960,27980,15269800
28080,28120,27640,27760,9431450
27780,27900,27020,27200,10909200
27600,27620,26520,26860,15047300
27080,27180,26880,26920,14943350
27000,27120,26800,26880,14189700
27100,27100,26880,27000,16281900
27120,27160,26520,26700,13157050
26720,27900,26640,27760,15944800
27760,28500,27760,28000,12107400
28180,28300,28020,28300,11103750
28280,28380,28060,28200,6806700
28000,28740,27980,28560,15856500
28560,29000,28160,28960,19281050
28900,29080,28700,29020,16007300
28700,29000,28700,28820,10842500
28820,28960,28520,28520,9540000
28100,28560,28100,28560,8511650
28400,28640,28300,28440,3735600
28340,28460,28060,28140,4748400
28380,28700,28180,28660,9200950
29000,29300,28800,29200,12521500
29400,29640,28860,28860,15831050
28860,29160,28780,29100,7439450
29680,29900,29300,29400,17234250
29320,29600,29000,29140,13507050
29400,29460,28040,28180,22269600
28420,28760,28100,28720,9214100
28240,28600,28240,28440,8625750
28600,28600,28020,28260,12943150
28040,28080,27260,27340,18589050
27600,27640,27240,27480,15319950
27200,27560,27020,27480,13476750
27460,27520,27120,27160,11044350
26900,26980,26400,26460,22339700
26600,26600,25920,26020,23902650
26420,26640,26320,26440,12488250
26800,27080,26640,26900,11890850
26600,26660,26360,26400,10231900
26180,26860,26140,26500,12765300
26140,26380,26120,26220,8953050
26200,26480,26180,26440,8881050
26160,26280,26020,26200,8725400
26340,26620,26120,26600,11139250
26720,26720,26320,26360,8543050
26440,26520,26060,26120,5978850
25820,26020,25800,25840,9437050
25880,26380,25740,25900,12073200
25740,26160,25660,26160,11829900
26160,26220,26040,26120,8960200
26000,26040,25640,25680,10779600
25960,26000,25720,25720,7082150
26000,26460,25940,26400,11976050
26260,26460,26220,26420,9114200
26520,26700,26400,26600,10922700
26300,26860,26280,26860,9742650
26980,27200,26860,27060,8059950
26960,27160,26900,26960,6300950
27080,27140,26700,26760,6417300
27000,27160,26620,27100,8051700
26920,27100,26700,27100,8790150
27100,27340,26880,27160,8992550
27100,27760,27060,27720,12809300
27760,28160,27480,27900,17359450
27480,27700,26720,26860,24351350
26100,26560,25840,25840,28231050
26000,26340,25820,26340,12066750
26020,26420,26000,26320,8626450
26120,26320,25900,26000,10830100
26000,26040,25700,25800,9527250
25680,25700,24960,25000,20621450
25500,25640,25140,25400,18619250
25400,25880,25240,25320,8995700
25500,25500,24960,25280,12845000
25480,25640,25080,25220,10447350
25580,25600,25000,25000,10518950
25280,25460,25060,25080,10044400
25280,25420,25020,25220,9430600
25100,25220,24620,24700,17105400
24900,24940,24700,24940,8407650
24620,24620,24420,24560,11577200
24700,24700,24420,24440,10719450
24460,24740,24440,24600,12171000
25160,25160,24720,24840,10311850
24760,24760,24560,24680,14558250
24720,24740,24480,24520,5664050
24420,24500,23880,23880,15899600
24000,24000,23600,23780,21238750
24200,24320,24040,24200,12099950
24300,24320,23900,24020,10770400
24000,24140,23840,23840,23309200
24000,24160,24000,24020,10872350
24140,24160,23920,24000,7161500
24160,24300,24020,24120,7092400
24140,24520,24140,24520,7545750
24600,24600,24080,24200,9476750
24460,24460,24120,24200,13435050
24080,24080,23600,23760,16022100
23560,23700,23220,23220,19541400
23040,23220,22820,23000,15789200
23240,23320,22940,23120,19414500
23040,23700,22960,23700,12413550
23860,24000,23400,23900,9401000
23700,23760,23300,23680,12379300
23480,23660,23120,23120,11929800
23300,23300,22820,22820,12732750
22900,23120,22760,23020,21252900
23240,23720,23240,23240,10149150
22840,23020,22480,22600,14720550
22000,22280,21980,22100,21837450
21640,22540,21560,22160,11344750
22540,22920,22400,22540,16572550
22560,22900,22400,22500,14143600
22320,22420,22080,22300,15148300
22120,22300,21740,21780,16281750
22300,22340,22020,22120,9476750
21880,22000,21620,21660,11766050
21940,22080,21800,22080,11127700
22260,22260,21800,21880,8505900
22060,22240,21840,22240,8378450
22020,22220,21740,21900,8388600
21800,22000,21720,21820,6243850
22000,22600,21800,22600,13726100
22580,23660,22300,23620,24566950
23960,25000,23700,24880,38623150
25000,25040,24320,24700,13475800
24380,24840,24100,24340,13000300
24300,24500,23880,24040,10162150
23960,24200,23860,24080,8570150
24360,24360,23900,24120,6030200
24520,25380,24440,25360,19202900
25100,25220,24540,24620,12141400
24620,24680,24380,24600,9079600
24560,24640,23980,24000,11547150
24020,24020,23600,23880,10621750
23800,24400,23640,24100,9693950
24400,24540,24300,24400,10754700
24760,24760,24240,24360,12502750
24120,24400,24120,24200,10024150
24380,24520,24340,24460,12336350
24940,24960,24200,24400,10284300
24480,24480,23800,23800,17811050
23800,24220,23640,24020,12287900
25460,26020,25280,25280,44377800
25900,25920,25480,25740,9844550
25880,25960,25740,25900,12866850
25900,25900,25320,25900,9222700
26000,26020,25900,25960,9735500
26040,26060,25960,26000,8871350
26280,26280,26000,26040,5637800
26060,26420,26040,26380,7916550
26380,27140,26380,26980,13553100
26920,26920,26340,26340,15977800
26340,26380,25880,26100,20490850
26060,26080,25480,25720,14397250
25600,25600,25200,25460,14337950
25400,25780,25360,25580,12894750
25580,25660,25060,25320,13088650
25320,25580,25040,25320,11808250
25880,26560,25740,26560,18356500
26900,26940,26360,26900,17943850
26920,26980,26740,26780,10976350
26780,26860,26780,26860,6257000
26860,27100,26860,27040,11488100
26900,26940,26580,26580,9637450
26600,26700,26420,26540,10649100
26800,26800,26540,26600,8774950
26720,26720,26260,26660,10139500
26300,26340,25760,25900,15235500
25880,26220,25640,26140,14322750
26780,26780,26200,26280,14477600
26280,26440,26280,26280,9312400
26260,26380,26020,26320,8325400
26280,26800,26000,26780,12293400
26780,27100,26700,26900,14332250
26900,26980,26580,26680,14103900
26680,26680,26260,26320,13568500
26580,26980,26400,26860,6672950
27000,27440,26900,27440,13278050
27340,27900,27200,27900,16612650
27960,27980,27560,27560,17957700
28000,28000,27540,27720,12858750
27500,27900,27280,27780,10153500
27500,28000,27480,28000,9957200
27720,27800,27480,27560,10831500
27360,27900,27140,27200,13702250
27200,27540,27200,27300,16110000
27300,27540,27120,27360,10521000
27600,27600,27180,27320,5654400
27500,27620,27180,27180,9328900
27180,27380,26920,27160,6770400
26920,27480,26720,27440,8005050
27200,27980,27140,27900,8693500
28000,28000,27540,27560,6519350
27480,27480,27080,27100,9973800
26800,27160,26620,26880,10748200
27200,27220,26900,27220,6522900
27360,27480,27220,27480,6226500
27480,27540,27280,27540,5745000
27560,27800,27320,27340,15301800
27700,27780,27280,27340,10863250
27600,27700,27460,27580,8374250
27580,27600,27360,27500,8179150
27500,27520,27140,27140,13009400
27500,28460,27340,28460,21805600
28700,28740,28120,28360,13748800
28220,28800,28200,28740,11603100
28780,28860,28340,28440,9615600
28280,28980,28120,28840,11733500
28800,28800,28400,28400,7814600
28680,28860,28400,28420,10419850
28380,29580,28360,29480,21108650
29200,29460,28940,28940,19153200
29220,29580,29100,29140,9413100
29160,29740,29100,29400,8974550
29400,30000,29200,29940,13661150
29920,30120,29720,30060,12464350
30200,30200,29400,29400,13225800
29500,29600,29200,29280,12704950
29240,29480,29160,29340,8122900
29100,29560,29100,29520,9113150
29740,29760,29440,29700,9369050
29000,29120,28420,28420,21005950
28300,28960,28300,28420,16065800
28500,28680,28240,28560,8955500
28980,29040,28600,28820,9842650
28740,28740,28400,28460,7266050
28680,28800,28460,28680,6903400
28680,28800,28400,28680,6270150
28860,29800,28700,29400,10582600
29560,29700,29240,29240,9526050
29400,29700,29200,29580,7773400
29400,29780,29400,29660,9107550
29600,29880,29560,29800,9960100
29580,29820,29360,29580,10293300
29700,29700,29300,29480,9429750
29200,29400,28540,28920,13551050
29240,29540,28940,29540,10762350
29540,29560,28940,29000,10172300
28920,28960,28460,28600,12394900
28420,28900,28400,28880,11852650
28880,29460,28720,29220,12655550
29400,29400,28800,29020,9245150
28980,29100,28000,28200,19089900
28200,28220,27500,27900,16517150
27800,28000,27180,27320,15697300
27340,27880,27280,27700,10895650
27700,28360,27580,28200,18352850
28140,28460,27940,28000,8283700
27800,27820,27120,27240,13270500
27240,27500,27080,27400,10257400
27320,27400,26760,26760,9488100
27200,27200,26720,26720,9640450
26900,27060,26480,26620,10633200
26980,26980,26520,26660,9877250
26820,26860,26560,26800,8488500
27100,27120,26420,26520,8922350
26700,26700,26180,26400,9626850
26420,27100,26140,26760,8680900
26980,27400,26820,27320,10291450
27420,27440,26880,27040,7210600
27060,27060,26700,27000,8195800
27320,27380,26720,27240,10034150
27200,27320,26260,26280,17265450
26340,26420,26020,26180,15048150
26400,26420,25940,26140,17380750
26000,26020,25760,25820,10921950
26000,26060,25760,26060,8757550
26060,26320,25300,25460,11769400
26300,26820,26100,26740,19411950
26500,27100,26400,26820,9828150
26900,26940,26260,26280,10118950
26000,26200,25360,25640,13735250
25640,25880,25240,25240,12501700
25260,25480,25060,25140,15314050
25560,25740,25280,25540,11741500
25100,25480,25100,25400,8067800
25400,25480,24900,25100,12767600
25000,25320,24800,25080,9452300
25180,25580,25020,25300,8247600
25320,25560,25200,25320,7094750
25820,25920,25520,25620,6370900
26180,26560,25820,26420,10159000
26000,26220,25820,26040,10198000
25800,26060,25380,25380,10695800
25040,25800,25040,25560,10347500
25380,25700,25120,25620,11519950
25520,25700,25320,25360,9870350
25360,26040,25180,25900,8324900
25720,26080,25700,25980,8223000
25740,25880,25340,25360,7130200
25060,25200,24460,24600,10099950
24400,25180,24400,24800,12478250
24800,25020,24640,24780,11780950
24600,25300,24520,25300,14030500
25140,25320,24960,25180,9573400
25000,25440,24900,25320,7672050
25300,25400,24420,24500,19989700
24500,24760,24480,24700,8370650
24460,25740,24460,25640,11173450
26000,26220,25560,26100,14861650
25820,26080,25460,25500,6446400
25500,25540,24940,25260,9702750
24880,25200,24700,25060,13416150
24880,25060,24680,24680,10448250
24540,24760,24480,24580,9829200
24580,24940,24560,24600,12152000
24480,25020,24380,24600,13381350
25000,25500,24620,25260,13734450
25160,25200,24300,24300,15419600
24400,24440,23500,23700,19579450
23680,23680,23320,23500,9844550
23500,23740,23400,23640,12844350
23640,23640,23160,23180,12802500
23100,23120,22300,22300,20199050
22400,22740,22300,22720,13787100
22800,22840,22600,22820,5722500
23020,23580,22960,23140,11664300
23000,23280,22800,23080,11154000
23060,23060,22760,22800,7520550
22800,22800,22800,22800,0
22800,22820,22080,22080,11360850
22360,22820,22340,22620,11583600
23380,23520,22820,23080,20070750
23260,23420,22600,22780,10805950
21980,22560,21920,22020,20442550
21760,22300,20660,21580,22429600
21580,22140,21340,21580,19625950
21360,21480,21000,21340,27947600
21640,21720,21260,21340,24769400
21720,21720,21460,21620,23111150
21420,21780,21040,21780,20415450
21780,21960,21620,21700,12018600
21380,21900,21300,21800,15634150
22040,22500,21860,22440,15200350
22440,22880,22360,22580,12570650
22580,22580,22100,22240,9590250
22260,22720,22120,22620,9116500
22920,22940,22720,22940,12968800
22600,22780,22360,22680,18128400
22520,22660,22300,22300,10208350
22400,22480,22200,22480,8353650
22280,22560,22260,22460,11647800
22420,23140,22420,23040,17188150
23060,23140,22880,23140,13698000
22900,23840,22700,23800,21813500
23260,23460,23000,23000,10267950
22860,23000,22600,22900,12533750
22880,22880,22500,22620,9882450
22520,22700,22500,22520,6636050
22400,22500,22180,22240,10458000
22000,22680,21800,22680,22946800
22800,22900,22420,22680,12052050
22240,22660,22240,22380,13715100
22380,22620,22300,22300,12096750
22600,23100,22540,23020,19149350
23960,25040,23720,25020,39975100
25000,25580,25000,25400,28533850
25200,25260,24940,25200,18948700
25200,25440,24960,25040,9900000
24960,25200,24740,25080,8752550
24880,25640,24860,25380,12425150
25300,25380,25180,25300,7198400
25140,25300,24980,25120,5853500
25200,25460,25120,25320,7517350
25300,25640,25180,25400,6978350
25600,25900,25380,25600,11533650
26000,26000,25560,25780,13153550
25960,25960,25440,25840,7608250
25640,25980,25620,25960,6612050
25880,26160,25820,26160,13565150
26600,27840,26480,26500,31523550
26900,27800,26820,27440,25469250
27700,27860,27480,27660,19327300
27620,27620,27000,27040,15092000
27040,27220,26520,26600,14053500
26600,27080,26600,26840,8652100
26860,26960,26600,26760,8216100
26760,26880,26420,26880,9283050
26720,26820,26280,26420,9877550
26420,26900,26420,26660,7022450
26660,26680,26340,26340,7870850
26340,26340,26000,26000,8883850
25820,25820,25260,25260,13785250
25500,25800,25400,25400,9309200
25440,25800,25440,25620,8386750
25800,25800,25420,25780,9642500
25780,25920,25560,25700,8436000
25700,26040,25620,25640,9941000
25640,26100,25640,25980,7978000
26000,26200,25980,25980,7131350
25980,26800,25980,26700,9290000
26900,26980,26540,26540,8492700
26500,26500,25680,25680,26700300
25880,26440,25760,26420,12605650
26420,26440,25880,26000,11481400
25900,25940,25720,25800,8334750
25500,25600,25340,25380,9635550
25380,25500,25240,25240,9805350
25240,25440,25240,25240,6916100
25240,25500,25240,25260,9090600
25260,25860,25260,25660,15193350
25660,25900,25440,25680,10336450
25460,25460,25100,25220,11140050
25220,25600,25200,25540,8774700
25560,26200,25560,25980,10398100
26020,26160,25500,25800,8733850
25300,25760,25280,25560,8418450
25560,25700,25220,25600,8023300
25600,25840,25340,25840,10309600
25840,25980,25640,25900,10357400
25900,26000,25700,25700,7807550
25700,25780,25320,25320,11361500
25300,25320,24820,25080,11647200
25200,25440,25080,25200,10197900
25200,25200,24100,24100,15346950
24040,24360,23720,24160,10800100
24160,24160,23360,23500,18337600
23320,23660,23020,23260,14119400
23260,23720,23260,23420,12888150
23120,23320,22920,23040,12063850
22960,23320,22880,22920,10314150
23060,23180,22960,22960,7165800
22620,22840,22620,22760,10451100
22800,23040,22480,22640,10473200
21760,22660,21760,22520,16010700
22560,23420,22560,23420,10362100
23200,23200,22640,22760,8352600
22660,23100,22500,22620,9517600
22900,23360,22900,23360,7376400
23440,23520,23120,23240,7995650
23100,23140,22720,22740,7619950
22520,23500,22520,23500,13811850
23280,23360,22780,22900,15795600
22800,23000,22320,23000,21849150
23040,23260,23020,23260,12998950
23220,23320,22940,23120,8317400
23000,23040,22740,22920,8725350
23000,23220,22960,23120,12397950
23120,23380,23120,23280,9404700
22360,22740,22360,22600,15263100
22600,23020,22440,22600,12811600
23080,23200,22880,23080,9157300
23160,23580,23140,23360,9020050
23580,24020,23380,23700,12303100
24060,24060,23560,23740,11124050
23740,23900,23480,23800,8842600
23800,23840,23320,23500,8744950
23580,23780,23460,23620,7383700
23560,23580,23220,23440,7024200
23440,23740,23440,23580,6681750
23600,23740,23440,23440,8867200
23580,23880,23520,23560,14434000
24000,24140,23920,23940,11818600
24260,24400,24040,24400,10949550
24400,24560,24040,24300,10074500
24400,24620,24300,24460,6568800
24460,24480,23720,23840,10810100
23760,23980,23540,23880,9169000
24160,24720,24020,24500,14177000
24500,25060,24320,24980,13361250
25340,25460,24980,25100,10857700
25100,25280,24920,25060,8640400
25120,25260,25060,25120,7342800
25300,25920,25140,25260,12343450
25560,25560,25260,25460,11265700
25480,25580,25160,25340,9058500
25340,25580,25240,25380,10143600
25380,25580,25240,25580,9870900
25580,25800,25320,25640,10939750
25660,25800,25560,25760,7172300
25760,26000,25760,25880,6060900
25880,26000,25700,25800,8622700
26200,26420,26040,26160,13380250
26120,26280,25960,26240,19130750
25980,26180,25420,25580,13557800
25580,26100,25580,26100,9402300
25980,25980,25200,25200,11815950
25380,25820,25360,25700,9211700
26000,26000,25160,25380,12939750
25380,25380,24800,24920,12593400
24920,25420,24920,25320,6034650
25400,25620,25320,25500,6702700
26000,26040,25780,26000,16766350
26180,26200,25800,26000,6829950
25900,26100,25840,25980,6423700
25880,25920,25660,25760,7238300
25640,26000,25640,25980,8598600
26000,26020,25760,25880,7254450
25880,25880,25540,25600,5741500
25700,25700,25420,25620,4597850
25700,26100,25660,25920,8345050
25880,26000,25720,26000,8297300
26000,26000,25220,25300,14653450
25200,25340,24840,24900,16253900
24940,25240,24900,25000,7027600
25340,25400,25120,25220,7903300
25440,25800,25240,25800,14702750
25800,26000,25700,25980,13718100
25980,26000,25760,25920,8559550
25920,25980,25740,25840,8834400
25840,25840,25500,25620,7615100
25620,25620,25020,25060,12284900
25060,25260,24940,24960,11720150
24980,25300,24980,25280,9183550
25280,25420,25100,25360,9169600
25360,25540,25320,25400,10012450
25400,25600,25380,25380,7960550
25380,25720,25380,25720,8112550
25720,25780,25360,25420,10434600
25660,25960,25480,25900,11862750
25980,26060,25900,25920,12653650
26000,26020,25460,25640,13744550
25940,25940,25480,25600,10315350
25600,26000,25360,25840,62527700
25960,26820,25900,26660,23504000
27000,27440,26920,27300,23806950
27400,27580,27280,27540,17066200
27720,28040,27600,27960,23142150
28380,28380,27780,28120,18808100
28160,28600,28120,28600,25768750
28480,28500,28080,28120,14484050
27920,27920,27240,27420,15248300
27420,27720,27380,27600,12273050
27700,28320,27660,28260,15334450
28260,28340,27900,28180,14621550
28200,28700,28200,28520,16419700
28540,28960,28520,28620,13515800
28640,28980,28520,28960,10020550
28920,29000,28620,28900,8948250
28880,28900,28540,28600,11256300
28900,28900,27200,28000,20552600
28000,28100,27700,27960,11839000
27800,28080,27580,27980,10718950
28160,28240,27820,27920,10527050
28160,28900,27940,28500,13671700
28540,29580,28540,29320,14393600
29280,29480,29020,29320,7995000
29320,29500,29240,29380,7870350
28940,29040,28240,28420,16749150
28420,29000,28320,29000,11495200
29000,29500,28980,29200,13498150
29200,30000,29200,29780,14056800
29980,30100,29200,29280,11024700
29920,29920,29260,29620,10009900
29620,30000,29520,30000,12430250
30000,30440,29720,30360,11623150
30360,30660,30000,30660,11567200
30560,30800,30440,30660,10122250
30660,30840,30480,30800,7773150
30800,30940,30740,30860,8544700
30120,30560,30120,30320,8585150
30000,30460,29900,30040,7732500
30000,30620,29960,30600,7228500
30240,30580,30240,30540,6335050
30660,30720,29960,30140,9503700
30400,31140,30220,30780,14985600
31380,31600,31200,31360,11515400
31360,31360,30920,30960,8315800
30960,30960,30340,30340,7504900
30380,30660,30340,30340,7009950
30580,31280,30500,31220,6958850
31320,31500,31120,31380,11125150
31480,31580,31140,31340,9023200
31340,31400,30680,30820,12340350
30820,31180,30520,31180,10533600
31180,31400,30880,30900,10474850
30900,31520,30900,31360,10843100
31380,31400,31020,31320,7446450
31340,32880,31320,32800,18327050
32760,33500,32720,33500,16805150
33480,33840,33180,33300,12612200
33300,33880,33140,33740,11545700
33600,33640,32720,33060,15938550
32600,33180,32440,32780,14173800
32120,32460,32060,32240,12058000
32040,32800,31940,32800,8925750
32940,33420,32660,32900,7849600
32820,32820,32220,32400,20532200
31660,31760,31260,31740,18790150
31900,32260,31760,31940,8153000
31800,32300,31700,32120,8383800
32140,32900,31940,32860,7660150
32960,33040,32420,32420,9591850
32460,32780,32280,32780,12070850
32220,32360,31280,31500,13258400
29800,30120,29120,29300,26499350
30160,30980,29900,30540,24717250
30760,31380,30720,31160,22408150
31180,31760,31180,31700,12921150
31900,32020,31520,31840,10509050
32000,32820,31980,32360,11429950
31640,31960,31320,31420,18299650
31420,31920,31280,31360,14524800
31000,31500,30660,31380,9834400
31080,31460,31080,31340,8706400
31460,32380,31440,32000,11397550
31800,32300,31700,31960,11762700
32200,32480,32120,32280,13053100
32020,32520,31940,32380,12470450
33920,34000,33340,33820,29558150
34000,34320,33800,34120,26050550
33000,33780,32560,33600,25293300
32000,32500,30900,30900,38427150
29900,30900,29880,30700,39088550
31000,31620,30900,31140,21864550
30960,31760,30940,31540,14158950
31300,32040,30760,31800,12785200
31440,31900,31440,31780,10384500
31580,32860,31500,32500,15444550
32520,33020,32180,32400,10330450
32120,32260,31760,31780,10477500
31860,32160,31800,32160,9289950
32000,32080,31840,31940,9866100
31940,31980,31240,31340,10534000
31420,32340,31120,31460,14117000
31600,32280,31600,32280,10214200
32320,32780,32220,32780,12067200
32600,33040,32240,33040,10347400
32800,33040,32620,32860,10099250
32600,32800,32120,32320,10341850
32100,32680,32100,32540,7103850
32940,33000,32680,32800,7661900
32980,32980,32700,32880,5417450
32920,33140,31820,31920,15683600
32600,33000,32360,32980,11795350
31700,32360,31700,31960,12836800
31900,31920,31040,31060,15133300
31060,31620,30780,30780,13665700
30800,31280,30800,31160,13308200
31100,31520,30900,31360,7870550
31640,31760,31400,31720,9460750
31300,32120,31300,31860,8180200
32140,32900,32000,32800,9751100
33220,33220,32520,32980,12668600
32980,33040,32660,33000,7757150
32820,33040,32660,33000,6276900
33000,33620,32800,33540,13294050
33800,33960,33380,33540,18081300
33540,34940,33540,34920,28535200
34800,35060,34660,34980,15535350
34480,34760,34140,34540,15352950
34340,34680,34220,34360,8484600
34440,35200,34400,34960,14001800
35040,35480,35040,35440,9603650
35980,36020,35520,35800,16462550
35900,35900,35400,35600,10652450
34660,35360,34660,35040,11414450
34620,35440,34620,35320,11684450
35560,35680,35280,35540,7455100
34820,35500,34820,35180,5773550
35300,36020,35200,35860,11747700
35620,36380,35620,35900,5435800
35920,36400,35840,36240,7615200
36360,36600,36020,36100,6552100
36260,36300,35980,36180,6354600
36020,36080,35600,35640,8334850
35600,36000,35560,35960,4823600
35980,36200,35860,35980,4653450
35840,35980,35600,35760,6662900
35420,36040,35400,36040,7516450
35980,36240,35880,36100,4650600
36280,36620,36020,36480,7357650
36500,36520,36100,36160,7971750
36060,36060,35540,35560,10967450
36180,36440,36040,36200,8880950
36600,37500,36560,37220,13194900
37280,37400,37080,37240,9099800
37520,38560,37420,38280,12018150
38000,38800,37980,38800,11669150
38100,38320,37460,37460,15954450
36860,37820,36320,36660,16611500
36580,37460,36580,36960,8150700
37040,37500,36620,36940,8875400
37720,37920,37020,37480,9418900
37120,37420,36880,37200,9185000
37200,38060,37000,38060,8810400
38120,38580,37880,38160,11048750
38340,39400,38320,39400,13433850
39420,40000,39420,39900,15214500
39900,39900,39460,39460,17992200
39540,39660,39040,39120,14150400
39600,39660,39200,39360,15029300
39400,39500,39180,39460,10386350
39580,39660,39140,39560,8860700
39560,39580,38760,38820,14041800
38740,38780,38200,38400,17092950
38780,38840,38220,38400,13694150
38400,38760,38300,38360,11020750
37740,38060,37720,37960,11102050
37960,38260,37320,37580,13124150
37080,37960,37080,37720,14191550
37800,38360,37780,38020,10226350
37560,38040,37280,37860,15377450
38220,38780,38160,38660,7485800
38540,39560,38420,38940,10562600
39000,39340,38980,39300,8539450
39020,39440,39020,39180,10217300
38960,39100,38060,38220,9296850
38020,38140,37700,38060,9033700
38060,38760,37960,38440,15088700
38420,39860,38420,39720,21249800
39340,39720,39160,39620,12708700
39220,40220,39220,40080,12234850
39800,40320,39800,40200,10553250
40200,40620,40140,40200,12140950
40200,40300,40020,40200,14372250
39960,40420,39860,40180,10227800
40040,40980,40040,40600,7424100
40620,41540,40500,41360,11325050
40800,41440,40800,41400,9587850
41800,42180,41540,41840,9933150
41800,42500,41720,42400,12602300
42000,42120,41740,41900,10250050
41780,42680,41760,42560,14220150
41600,42460,41580,42460,16427250
42200,42360,41700,41800,15397100
41600,41980,41080,41500,12808150
41200,41880,41180,41200,12177650
41560,41840,41380,41480,8216250
41740,41960,41580,41780,10093250
41880,42440,41880,41980,8204000
41820,42020,41200,41200,10500300
41400,41720,41300,41440,9579400
41600,42180,41520,42080,12255500
41900,42240,41700,42140,10699700
42000,42080,41600,41840,9683400
41800,41820,41160,41600,10021000
41940,41940,41500,41940,7141350
41940,41940,41580,41600,7172900
41860,41940,41700,41900,8274900
41660,42460,41660,42420,9040800
42160,42260,41760,42020,5462850
42000,42080,41520,41560,5224750
41680,41820,41280,41500,6860650
41300,41420,40900,40900,11762900
40580,40800,40080,40280,21148850
40480,41400,40480,40760,15130500
41260,41260,40920,41240,8990150
41460,42740,41320,42700,19299600
42700,42800,42520,42800,14794800
42700,44520,41960,43840,23032250
45780,45800,44520,44620,22685700
45500,45500,44760,44900,14068300
45700,45700,44860,45520,13690100
45520,47020,45340,47020,19582550
46160,47220,45600,45600,23410950
45420,46180,45220,45500,21277850
45760,46160,45660,45820,9422900
45620,46280,45620,46100,8001400
46660,46800,46100,46380,8803750
46120,46640,46100,46340,7424450
45740,46000,45540,45940,11160350
45640,45780,44720,44720,15762350
45040,45380,44760,45100,17643550
45400,45580,44900,44920,12607050
44860,45300,44800,44880,8675400
45160,45680,44800,45680,13044800
45600,46460,45540,46080,13613650
46220,46400,45380,45620,8739550
45520,45660,44480,44640,12433600
44580,45020,44400,44700,18669100
44860,44900,44400,44680,9753500
45060,45960,45000,45960,12488750
46040,46360,45720,45940,7599400
46500,46500,45240,45300,13729400
45000,45580,45000,45160,13978750
45680,46440,45600,46100,11732850
45420,45600,45140,45380,10954300
45140,45620,45140,45400,8624900
45800,46060,45240,45360,10166700
45680,45920,45180,45680,9657000
45500,45940,45460,45580,17403450
45580,46560,45560,46560,11303900
47240,48140,47220,48140,15045000
47740,48120,47480,47480,9973650
47960,48080,47720,47960,11455800
47600,47780,47420,47620,9515100
47520,48360,47520,48280,8552800
48220,48400,47900,48300,9616750
47600,48000,47560,47700,9572500
48040,48320,47940,47940,8306550
47500,47620,47100,47540,11877550
47500,47780,47120,47220,6805550
47160,47400,46900,47000,7961000
46820,47680,46780,47580,10640250
48000,48100,47720,48060,10923050
47740,48120,47620,47860,8131900
48500,48900,48320,48660,10792750
48640,49000,48280,49000,9717800
49000,50000,48840,49880,9486150
50080,50940,50040,50560,16034150
51000,51080,50420,50480,8239000
50900,51020,50520,50640,8976100
50420,50880,50360,50840,7084450
50620,50820,50000,50740,11157500
50760,51320,50560,51200,8367600
50860,51160,50520,51080,8449050
50700,51000,50620,50860,7099750
50500,50760,49940,50000,10810600
49600,50020,49300,49840,11224800
50000,50640,49560,49800,11449500
49800,49800,47380,47760,26168300
47420,48240,46920,48200,12701400
48000,48840,47540,48600,11369500
49200,49340,48600,49000,7777450
49000,49000,47120,47780,15540800
48160,48180,47500,47700,8359200
47500,48080,47440,47580,7218250
47980,48260,47480,47720,7979600
47400,47400,46240,46280,14555400
46200,46320,45460,45900,22986150
45120,45300,44220,44620,25407300
45120,45400,44720,45000,19185600
46220,46380,46000,46200,21913650
46960,47300,46740,47040,12415850
46760,47240,46240,46900,10477950
47240,47240,46580,46840,5103450
46820,47160,46700,47000,7381750
47780,47780,47180,47480,9384700
47520,47660,47340,47520,8657450
47880,47880,46720,47020,11243550
47020,47240,45960,46100,9962100
45640,46080,45160,46080,12623650
46380,46400,45960,46200,7513000
46220,46640,46000,46320,11011700
46460,46640,46300,46480,10641700
45780,46360,45500,46040,7943500
46240,46900,45960,46760,11716100
46760,47180,46700,47000,10811050
47000,48220,47000,48120,9676500
48700,49180,48580,49080,10893000
49700,50180,49500,49800,10374750
50200,50220,49140,49600,12029750
49820,50400,49440,49620,9357000
50060,50320,49760,50300,14204750
50300,50560,49860,50400,10757300
50540,52480,50520,52480,11524950
52500,52640,51780,52120,9850400
52120,52500,51840,52220,9292750
52220,52960,52220,52800,8839800
53000,53680,53000,53620,9303100
53620,53620,53620,53620,0
52000,52200,51500,51680,10797000
52260,52460,51260,51260,12025450
51180,51620,50840,51280,12909400
53360,53640,52800,52800,20519800
53600,54760,53340,54640,13652150
54840,55160,54100,54800,13890700
54540,54840,53780,54000,12601650
53980,54860,53760,53920,9769950
54020,55380,54000,54800,10607800
54820,55240,54040,54760,10110750
54700,54700,52980,52980,12108700
52800,54100,52800,53840,8027050
54600,54640,54000,54300,8311050
54700,54780,54040,54040,5806050
54040,54420,53700,53900,5882850
53720,53900,52400,52400,9776550
52400,53320,52140,53080,7392500
53780,54320,53700,54040,8196150
54060,55440,53500,55080,13381550
57500,57500,56180,57220,14510250
57500,57520,56760,57060,10721050
57060,57140,55860,56380,9935800
56380,56500,55340,56380,9000950
56380,56920,55860,56100,7464550
56100,57060,55860,56760,8520200
56920,56920,55900,56340,11994050
55800,56540,55780,56400,6748800
56400,56800,56100,56380,8806650
56380,56740,55920,55920,6725000
55920,56320,55320,55340,8816950
55440,56000,55400,55780,7640700
56400,56880,55820,55820,10733150
55900,55980,55200,55200,9472750
55400,55840,55280,55280,10324700
55980,56200,55620,55960,7952950
55960,55980,55020,55300,6272900
55300,55500,55180,55460,4536200
55360,55360,52640,52640,18128900
52700,53280,51720,53280,13499400
53200,53240,52500,52600,9590250
50800,51860,50200,50800,29634150
50800,51780,50800,50840,12868600
50840,51340,50020,51340,14865050
50600,51300,50280,51260,9326550
51260,51560,50020,50020,10889200
50040,50980,50020,50740,11065600
51360,52000,51040,52000,11290450
52000,52040,51500,51780,8125850
51820,52100,51660,52100,8765050
52100,52100,51100,51320,11333700
51320,52280,51060,51060,20310400
51240,51480,50520,50620,14928550
50620,51240,50620,51200,7350250
51540,52080,51520,51560,11978600
51000,51060,49100,49140,15624300
49400,49960,49240,49700,11199650
49760,50100,48200,48200,16039850
48960,49560,48460,49360,10743600
49560,50960,49500,50960,8985450
51380,51400,50780,51020,8474250
52540,52560,51420,51620,10013500
52120,52180,50640,51080,11695450
51300,52120,51200,52120,9481150
52400,52520,51500,52020,8383650
51460,51720,49980,50400,18013600
50500,50520,48640,48840,18566800
48200,49260,48020,48240,25123800
48240,48480,46760,48200,27270450
48800,48980,47920,48540,10096000
48760,50140,48620,50000,20389650
50020,50020,49060,49620,11053050
50020,50640,49820,49900,14848850
50380,50380,49040,49320,9219950
48640,48680,47960,48240,12520900
48660,49160,48300,49160,13532700
48860,49700,48560,49340,9550500
49220,50360,49160,50260,11160350
50500,50780,49840,50780,10350100
51200,51480,50900,51220,11838800
50440,50640,49780,49800,12284550
50020,54140,49600,49900,64681300
50620,50960,49720,49820,27609450
49380,49400,47700,47700,29260350
46500,48320,46000,47920,28357900
46600,47920,46580,47420,19406450
48240,48260,45800,45800,23448050
46120,46620,45980,46000,23251050
44440,45180,44420,44700,17465000
45100,46320,45040,45720,15754950
46200,48060,46200,47540,18923250
48080,49100,47940,49000,18905900
49800,49800,47860,48380,15353450
48040,48160,47220,47400,10122600
47280,47580,46840,47280,12880200
47260,47260,46760,46760,8869950
46760,47800,46760,47220,12423300
47280,47560,47080,47380,9560650
48360,48380,47380,47380,9830550
47380,48100,47000,47060,15162350
46580,46800,46000,46020,13265500
45820,46160,45080,45200,14100950
45920,47100,45820,47020,15423350
48200,48900,47220,48620,21427050
49200,49480,48080,49200,19463650
49440,50540,49240,49740,14304400
50560,50780,49580,49740,8688950
50760,51660,50360,51660,20098700
51020,52000,51000,51760,12713250
52000,52020,51020,51540,8882450
51220,51420,50240,51140,12184900
50620,51340,50440,50740,8218850
50700,51200,50100,51200,8193250
51780,51780,51060,51060,8905200
51060,51780,51040,51780,8454100
50340,50720,49600,49720,14854950
49420,50280,49040,50280,10057750
50320,50460,49080,49980,11874000
49100,49100,48340,48700,15159450
48700,49560,48320,49040,10067000
49080,49900,49080,49220,7777100
49000,49220,48500,48540,7115650
47880,48140,47280,48120,12768250
48160,48260,46920,46920,12384200
47400,49380,47340,48740,13245600
48000,48580,47400,48400,12532700
48260,49440,48200,49200,9950400
48540,49220,48040,48880,10984350
49900,49900,48600,48860,10051100
49440,49440,48880,49000,12466250
49600,50180,49400,49800,10278300
50320,50600,49860,50340,7877450
50240,50540,49820,49980,7772000
51000,51360,50580,51360,13462600
52000,52980,51540,52780,17190550
51800,52260,51420,51620,11761000
51000,52080,51000,51900,11619000
51840,51860,50080,50460,15770300
49220,50500,49220,50400,16614600
50420,52160,50400,52140,18046550
53380,53640,52440,53000,30310800
53000,53000,53000,53000,0
53000,53000,53000,53000,0
53000,53000,53000,53000,0
53000,53900,51800,51900,39565391
52600,53200,51900,52600,23104720
52600,52800,50900,50900,16128305
51700,51700,50600,51600,13905263
52000,52200,51200,51300,10314997
51000,51100,49900,50100,14909272
50200,50400,49100,49200,18709146
49200,50200,49150,49850,15918683
50300,50500,49400,49400,10365440
49900,49900,49350,49500,6706570
49650,50200,49100,50000,9020998
50600,52000,50400,51800,17095490
52000,52000,51100,51400,8289275
51000,52800,50800,52700,15207266
52500,53000,52000,52300,9787820
52200,52500,51300,51300,8480437
51300,51500,49100,49500,20498098
50400,50800,49850,50700,63491109
50500,51700,49950,51300,13038499
50800,51200,50700,51100,9767171
51100,51400,50400,51300,9144100
51800,51800,50500,50600,13590016
50200,50400,49600,49650,16951706
49750,50300,49350,49900,10571312
49700,49800,49250,49400,12110569
49000,49000,48200,48200,20971729
48500,48700,47650,47650,17080892
47600,47650,46200,46600,16661870
47200,47350,46500,47000,15217971
47450,47600,46850,47000,12959316
47900,47900,47050,47050,10015541
47000,47250,46200,47250,10298006
47050,47050,46150,46650,10587711
45900,47300,45900,47000,11223166
47450,48500,47000,47950,15274752
46850,47150,46600,46800,12784800
46250,47150,46200,46650,14099635
46500,47150,45500,45550,13112253
45750,46450,45750,46150,10959655
46700,47050,46050,46250,8776763
46100,46550,45600,45950,7039773
45500,45850,44650,44900,17843706
45500,46100,45200,45600,11602464
46200,46550,46100,46300,10528665
46400,46450,45400,46000,11224077
45900,46250,45450,45500,11828104
45800,46500,45750,46500,11543389
46800,46800,46000,46050,7678719
46150,46200,45600,45850,8892953
46700,47200,46450,46550,10952645
47050,47200,46600,46900,9880128
47000,47600,46700,47450,10474547
47100,47200,46150,46500,10823782
46350,46600,45950,46150,8261363
46250,46550,45900,46150,7222471
46100,47000,46000,46900,7374946
46450,47000,46450,46900,4762460
46550,46800,46350,46500,5723035
46200,46450,46000,46250,8033607
46050,46850,46050,46550,7484499
46550,46800,45500,45550,8560924
45850,45900,45450,45750,8274944
46150,46150,45750,45800,6771979
46300,46750,45900,46700,9058174
47000,47000,46550,46800,6429338
47000,47050,46450,46900,12010886
46150,46400,44850,45400,16670643
44950,45100,44650,45050,9803831
44850,45400,44850,45150,6409259
43800,44650,43700,44250,10088229
44050,44400,44050,44100,6808747
43500,44200,43500,43850,7289124
43700,44900,43700,44800,9520270
45150,46200,44900,46100,11641656
46150,46200,45700,46200,6730918
45900,46400,45550,46150,6582535
46100,46550,46000,46300,5263782
46800,46950,46300,46550,7365976
46750,46800,46400,46800,5572374
46950,47950,46700,47650,12193231
47100,48450,47000,48450,13577454
48200,48300,47300,47450,8595084
47550,47800,47200,47650,6791255
47300,47450,46400,46600,9139998
46200,46400,45800,46100,9040553
44500,45200,44400,44900,18285508
45450,45550,45000,45500,9979838
45550,45900,45050,45050,9865790
44900,45100,44500,44550,12995269
44550,44750,44000,44050,18277942
45000,45850,44900,45850,12446344
45550,45800,44900,45150,8123384
44950,45900,44700,45500,9987090
46000,46200,45700,46150,9367454
46850,47600,46400,47250,13536966
46550,47550,46550,47400,14476906
46950,47500,46450,47500,15804586
47250,47250,46300,46450,11270515
46450,46800,45800,46350,6354983
46450,46700,45700,45700,6607188
45150,45600,44700,44700,11865327
44800,45500,44550,44700,10544165
44200,45200,44200,44950,6759464
45250,45500,44500,45300,10341349
44000,44650,43100,43100,19324537
43200,44650,43200,44000,12640906
44050,44050,43350,43800,7434522
43700,44150,43350,43600,6825677
44150,44500,44000,44150,8306193
43950,44450,43700,44050,8347725
43900,44150,43450,43900,7842520
43450,43950,43200,43550,8357648
43300,43450,42550,43050,9531231
43050,43100,42250,42550,13522825
40600,41550,40550,41000,19338170
41100,41300,40400,41000,14413864
40850,41950,40550,41400,14460521
